{"Mississippi":0.210526315789,
"Oklahoma":-0.0952380952381,
"Delaware":-0.666666666667,
"Minnesota":0.0384615384615,
"Illinois":0.25,
"Arkansas":0.533333333333,
"New Mexico":0.875,
"Indiana":0.590909090909,
"Maryland":0.0,
"Louisiana":-0.596774193548,
"Idaho":0.571428571429,
"Wyoming":-0.666666666667,
"Tennessee":0.117647058824,
"Arizona":0.632075471698,
"Iowa":0.4375,
"Michigan":0.0571428571429,
"Kansas":0.3125,
"Utah":0.307692307692,
"Virginia":0.535714285714,
"Oregon":0.684931506849,
"Connecticut":-0.666666666667,
"Montana":0.780487804878,
"California":0.231213872832,
"Massachusetts":-0.285714285714,
"West Virginia":-0.25,
"South Carolina":0.5,
"New Hampshire":0.4,
"Wisconsin":0.823529411765,
"Vermont":0.25,
"Georgia":0.108108108108,
"North Dakota":-0.5,
"Pennsylvania":0.181818181818,
"Florida":0.0512820512821,
"Alaska":0.121212121212,
"Kentucky":-0.25,
"Hawaii":0.387931034483,
"Nebraska":0.625,
"Missouri":0.375,
"Ohio":0.0645161290323,
"Alabama":0.902777777778,
"New York":0.715719063545,
"South Dakota":0.666666666667,
"Colorado":0.551724137931,
"New Jersey":0.5,
"Washington":0.430107526882,
"North Carolina":-0.736842105263,
"District of Columbia":0.5,
"Texas":0.269662921348,
"Nevada":0.416666666667,
"Maine":0.456762749446,
"Rhode Island":0.75}
