{"Mississippi":-0.285714285714,
"Oklahoma":-0.37037037037,
"Delaware":-0.133333333333,
"Minnesota":0.3125,
"Illinois":-0.0952380952381,
"Arkansas":0.394736842105,
"New Mexico":0.153846153846,
"Indiana":0.439393939394,
"Maryland":0.0512820512821,
"Louisiana":-0.117647058824,
"Idaho":0.315789473684,
"Wyoming":-0.125,
"Tennessee":-0.0326086956522,
"Arizona":0.0803571428571,
"Iowa":0.638888888889,
"Michigan":0.170454545455,
"Kansas":0.513157894737,
"Utah":0.117647058824,
"Virginia":0.462585034014,
"Oregon":0.528301886792,
"Connecticut":0.0,
"Montana":0.888888888889,
"California":0.8,
"Massachusetts":-0.117647058824,
"West Virginia":0.928571428571,
"South Carolina":-0.125,
"New Hampshire":0.909090909091,
"Wisconsin":0.550724637681,
"Vermont":0.461538461538,
"Georgia":0.171052631579,
"North Dakota":-0.125,
"Pennsylvania":-0.32,
"Florida":-0.282744282744,
"Alaska":0.288461538462,
"Kentucky":-0.0789473684211,
"Hawaii":0.204081632653,
"Nebraska":0.722222222222,
"Missouri":0.285714285714,
"Ohio":0.0820895522388,
"Alabama":0.141025641026,
"New York":0.783163265306,
"South Dakota":0.8,
"Colorado":0.48,
"New Jersey":0.535714285714,
"Washington":0.24043715847,
"North Carolina":0.385964912281,
"District of Columbia":0.5,
"Texas":0.278225806452,
"Nevada":-0.173913043478,
"Maine":0.451612903226,
"Rhode Island":0.571428571429}
